theta0,theta1
2.3703261575747e-16,-0.8561024601837492
